{
    "name": "root",
    "metadata": {
        "timer_format_version": "0.1.0",
        "start_time_seconds": "1710467331",
        "python_version": "3.7.16 (default, Jan 17 2023, 16:06:28) [MSC v.1916 64 bit (AMD64)]",
        "command_line_arguments": "C:\\Users\\amit\\anaconda3\\envs\\ml-agents\\Scripts\\mlagents-learn --run-id=shipdriving11",
        "mlagents_version": "0.29.0",
        "mlagents_envs_version": "0.29.0",
        "communication_protocol_version": "1.5.0",
        "pytorch_version": "1.13.1+cpu",
        "numpy_version": "1.21.2",
        "end_time_seconds": "1710467418"
    },
    "total": 87.4683291,
    "count": 1,
    "self": 0.0032037000000144644,
    "children": {
        "run_training.setup": {
            "total": 0.054997299999999916,
            "count": 1,
            "self": 0.054997299999999916
        },
        "TrainerController.start_learning": {
            "total": 87.4101281,
            "count": 1,
            "self": 0.07056030000003943,
            "children": {
                "TrainerController._reset_env": {
                    "total": 20.7104614,
                    "count": 1,
                    "self": 20.7104614
                },
                "TrainerController.advance": {
                    "total": 66.56105509999995,
                    "count": 3107,
                    "self": 0.06591210000013348,
                    "children": {
                        "env_step": {
                            "total": 66.14407369999972,
                            "count": 3107,
                            "self": 61.14864619999983,
                            "children": {
                                "SubprocessEnvManager._take_step": {
                                    "total": 4.954407200000102,
                                    "count": 3107,
                                    "self": 0.17724019999983298,
                                    "children": {
                                        "TorchPolicy.evaluate": {
                                            "total": 4.777167000000269,
                                            "count": 3107,
                                            "self": 1.2123058000002978,
                                            "children": {
                                                "TorchPolicy.sample_actions": {
                                                    "total": 3.564861199999971,
                                                    "count": 3107,
                                                    "self": 3.564861199999971
                                                }
                                            }
                                        }
                                    }
                                },
                                "workers": {
                                    "total": 0.0410202999997864,
                                    "count": 3106,
                                    "self": 0.0,
                                    "children": {
                                        "worker_root": {
                                            "total": 63.0306312000002,
                                            "count": 3106,
                                            "is_parallel": true,
                                            "self": 8.556665900000354,
                                            "children": {
                                                "steps_from_proto": {
                                                    "total": 0.0004057999999993456,
                                                    "count": 1,
                                                    "is_parallel": true,
                                                    "self": 0.00023380000000017276,
                                                    "children": {
                                                        "_process_rank_one_or_two_observation": {
                                                            "total": 0.00017199999999917281,
                                                            "count": 2,
                                                            "is_parallel": true,
                                                            "self": 0.00017199999999917281
                                                        }
                                                    }
                                                },
                                                "UnityEnvironment.step": {
                                                    "total": 54.473559499999844,
                                                    "count": 3106,
                                                    "is_parallel": true,
                                                    "self": 0.2642035999992416,
                                                    "children": {
                                                        "UnityEnvironment._generate_step_input": {
                                                            "total": 0.20624570000046205,
                                                            "count": 3106,
                                                            "is_parallel": true,
                                                            "self": 0.20624570000046205
                                                        },
                                                        "communicator.exchange": {
                                                            "total": 53.03977119999986,
                                                            "count": 3106,
                                                            "is_parallel": true,
                                                            "self": 53.03977119999986
                                                        },
                                                        "steps_from_proto": {
                                                            "total": 0.9633390000002784,
                                                            "count": 3106,
                                                            "is_parallel": true,
                                                            "self": 0.6160595000003468,
                                                            "children": {
                                                                "_process_rank_one_or_two_observation": {
                                                                    "total": 0.3472794999999316,
                                                                    "count": 6212,
                                                                    "is_parallel": true,
                                                                    "self": 0.3472794999999316
                                                                }
                                                            }
                                                        }
                                                    }
                                                }
                                            }
                                        }
                                    }
                                }
                            }
                        },
                        "trainer_advance": {
                            "total": 0.3510693000000842,
                            "count": 3106,
                            "self": 0.08455509999997801,
                            "children": {
                                "process_trajectory": {
                                    "total": 0.26651420000010617,
                                    "count": 3106,
                                    "self": 0.26651420000010617
                                }
                            }
                        }
                    }
                },