{
    "name": "root",
    "gauges": {
        "ShipAgent.Policy.Entropy.mean": {
            "value": 0.4534287452697754,
            "min": 0.4534287452697754,
            "max": 0.45624107122421265,
            "count": 2
        },
        "ShipAgent.Policy.Entropy.sum": {
            "value": 2265.783447265625,
            "min": 2265.783447265625,
            "max": 2285.3115234375,
            "count": 2
        },
        "ShipAgent.Environment.EpisodeLength.mean": {
            "value": 18.293436293436294,
            "min": 18.293436293436294,
            "max": 21.87214611872146,
            "count": 2
        },
        "ShipAgent.Environment.EpisodeLength.sum": {
            "value": 4738.0,
            "min": 4738.0,
            "max": 4790.0,
            "count": 2
        },
        "ShipAgent.Step.mean": {
            "value": 9982.0,
            "min": 4986.0,
            "max": 9982.0,
            "count": 2
        },
        "ShipAgent.Step.sum": {
            "value": 9982.0,
            "min": 4986.0,
            "max": 9982.0,
            "count": 2
        },
        "ShipAgent.Policy.ExtrinsicValueEstimate.mean": {
            "value": 575.180908203125,
            "min": 531.7823486328125,
            "max": 575.180908203125,
            "count": 2
        },
        "ShipAgent.Policy.ExtrinsicValueEstimate.sum": {
            "value": 148971.859375,
            "min": 115928.546875,
            "max": 148971.859375,
            "count": 2
        },
        "ShipAgent.Environment.CumulativeReward.mean": {
            "value": -11582.247208525316,
            "min": -11582.247208525316,
            "max": 8938.280681225138,
            "count": 2
        },
        "ShipAgent.Environment.CumulativeReward.sum": {
            "value": -2999802.0270080566,
            "min": -2999802.0270080566,
            "max": 1948545.18850708,
            "count": 2
        },
        "ShipAgent.Policy.ExtrinsicReward.mean": {
            "value": -11582.247208525316,
            "min": -11582.247208525316,
            "max": 8938.280681225138,
            "count": 2
        },
        "ShipAgent.Policy.ExtrinsicReward.sum": {
            "value": -2999802.0270080566,
            "min": -2999802.0270080566,
            "max": 1948545.18850708,
            "count": 2
        },
        "ShipAgent.IsTraining.mean": {
            "value": 1.0,
            "min": 1.0,
            "max": 1.0,
            "count": 2
        },
        "ShipAgent.IsTraining.sum": {
            "value": 1.0,
            "min": 1.0,
            "max": 1.0,
            "count": 2
        }
    },
    "metadata": {
        "timer_format_version": "0.1.0",
        "start_time_seconds": "1710620305",
        "python_version": "3.7.16 (default, Jan 17 2023, 16:06:28) [MSC v.1916 64 bit (AMD64)]",
        "command_line_arguments": "C:\\Users\\amit\\anaconda3\\envs\\ml-agents\\Scripts\\mlagents-learn trainer-config.yaml --run-id=shipdriving38",
        "mlagents_version": "0.29.0",
        "mlagents_envs_version": "0.29.0",
        "communication_protocol_version": "1.5.0",
        "pytorch_version": "1.13.1+cpu",
        "numpy_version": "1.21.2",
        "end_time_seconds": "1710620509"
    },
    "total": 203.9212767,
    "count": 1,
    "self": 0.0030993999999964217,
    "children": {
        "run_training.setup": {
            "total": 0.07350499999999993,
            "count": 1,
            "self": 0.07350499999999993
        },
        "TrainerController.start_learning": {
            "total": 203.84467229999998,
            "count": 1,
            "self": 0.20412620000064408,
            "children": {
                "TrainerController._reset_env": {
                    "total": 19.0384485,
                    "count": 1,
                    "self": 19.0384485
                },
                "TrainerController.advance": {
                    "total": 184.50408099999933,
                    "count": 10798,
                    "self": 0.2031818999992936,
                    "children": {
                        "env_step": {
                            "total": 179.59837400000032,
                            "count": 10798,
                            "self": 167.32466070000046,
                            "children": {
                                "SubprocessEnvManager._take_step": {
                                    "total": 12.145942899999493,
                                    "count": 10798,
                                    "self": 0.5038410999983682,
                                    "children": {
                                        "TorchPolicy.evaluate": {
                                            "total": 11.642101800001125,
                                            "count": 10427,
                                            "self": 2.9742417000000927,
                                            "children": {
                                                "TorchPolicy.sample_actions": {
                                                    "total": 8.667860100001032,
                                                    "count": 10427,
                                                    "self": 8.667860100001032
                                                }
                                            }
                                        }
                                    }
                                },
                                "workers": {
                                    "total": 0.127770400000351,
                                    "count": 10797,
                                    "self": 0.0,
                                    "children": {
                                        "worker_root": {
                                            "total": 181.04772099999977,
                                            "count": 10797,
                                            "is_parallel": true,
                                            "self": 26.88313040000105,
                                            "children": {
                                                "steps_from_proto": {
                                                    "total": 0.0013394000000026551,
                                                    "count": 1,
                                                    "is_parallel": true,
                                                    "self": 0.0007636000000026399,
                                                    "children": {
                                                        "_process_rank_one_or_two_observation": {
                                                            "total": 0.0005758000000000152,
                                                            "count": 2,
                                                            "is_parallel": true,
                                                            "self": 0.0005758000000000152
                                                        }
                                                    }
                                                },
                                                "UnityEnvironment.step": {
                                                    "total": 154.1632511999987,
                                                    "count": 10797,
                                                    "is_parallel": true,
                                                    "self": 0.8257129000006387,
                                                    "children": {
                                                        "UnityEnvironment._generate_step_input": {
                                                            "total": 0.619338999999421,
                                                            "count": 10797,
                                                            "is_parallel": true,