{
    "name": "root",
    "gauges": {
        "ShipAgent.Policy.Entropy.mean": {
            "value": 1.4670500755310059,
            "min": 1.436060905456543,
            "max": 1.4675732851028442,
            "count": 10
        },
        "ShipAgent.Policy.Entropy.sum": {
            "value": 73351.0390625,
            "min": 71810.2265625,
            "max": 73375.7265625,
            "count": 10
        },
        "ShipAgent.Step.mean": {
            "value": 499994.0,
            "min": 49998.0,
            "max": 499994.0,
            "count": 10
        },
        "ShipAgent.Step.sum": {
            "value": 499994.0,
            "min": 49998.0,
            "max": 499994.0,
            "count": 10
        },
        "ShipAgent.Policy.ExtrinsicValueEstimate.mean": {
            "value": -67.28337097167969,
            "min": -67.28337097167969,
            "max": 570.6571655273438,
            "count": 10
        },
        "ShipAgent.Policy.ExtrinsicValueEstimate.sum": {
            "value": -458738.0,
            "min": -458738.0,
            "max": 3173424.5,
            "count": 10
        },
        "ShipAgent.Environment.EpisodeLength.mean": {
            "value": 6.333382223525961,
            "min": 6.333235552948079,
            "max": 8.222611582441903,
            "count": 10
        },
        "ShipAgent.Environment.EpisodeLength.sum": {
            "value": 43181.0,
            "min": 43180.0,
            "max": 44583.0,
            "count": 10
        },
        "ShipAgent.Environment.CumulativeReward.mean": {
            "value": -19.782997292484765,
            "min": -19.78535640578915,
            "max": 1124.1380778335376,
            "count": 10
        },
        "ShipAgent.Environment.CumulativeReward.sum": {
            "value": -134880.47554016113,
            "min": -134896.5599746704,
            "max": 6093952.519935608,
            "count": 10
        },
        "ShipAgent.Policy.ExtrinsicReward.mean": {
            "value": -19.782997292484765,
            "min": -19.78535640578915,
            "max": 1124.1380778335376,
            "count": 10
        },
        "ShipAgent.Policy.ExtrinsicReward.sum": {
            "value": -134880.47554016113,
            "min": -134896.5599746704,
            "max": 6093952.519935608,
            "count": 10
        },
        "ShipAgent.Losses.PolicyLoss.mean": {
            "value": 0.025077906587782008,
            "min": 0.023298585031492014,
            "max": 0.08374195553769823,
            "count": 10
        },
        "ShipAgent.Losses.PolicyLoss.sum": {
            "value": 0.12538953293891003,
            "min": 0.09857298980932683,
            "max": 0.3349678221507929,
            "count": 10
        },
        "ShipAgent.Losses.ValueLoss.mean": {
            "value": 149.23566324869793,
            "min": 149.23566324869793,
            "max": 17236354.186100263,
            "count": 10
        },
        "ShipAgent.Losses.ValueLoss.sum": {
            "value": 746.1783162434897,
            "min": 654.2488957722982,
            "max": 68945416.74440105,
            "count": 10
        },
        "ShipAgent.Policy.LearningRate.mean": {
            "value": 1.723425425528001e-05,
            "min": 1.723425425528001e-05,
            "max": 0.0002846206551264499,
            "count": 10
        },
        "ShipAgent.Policy.LearningRate.sum": {
            "value": 8.617127127640004e-05,
            "min": 8.617127127640004e-05,
            "max": 0.0012847992717336,
            "count": 10
        },
        "ShipAgent.Policy.Epsilon.mean": {
            "value": 0.10574472000000001,
            "min": 0.10574472000000001,
            "max": 0.19487354999999998,
            "count": 10
        },
        "ShipAgent.Policy.Epsilon.sum": {
            "value": 0.5287236000000001,
            "min": 0.45985980000000004,
            "max": 0.9282663999999999,
            "count": 10
        },
        "ShipAgent.Policy.Beta.mean": {
            "value": 0.00029666152800000015,
            "min": 0.00029666152800000015,
            "max": 0.0047441901449999995,
            "count": 10
        },
        "ShipAgent.Policy.Beta.sum": {
            "value": 0.0014833076400000008,
            "min": 0.0014833076400000008,
            "max": 0.021420493360000004,
            "count": 10
        },
        "ShipAgent.IsTraining.mean": {
            "value": 1.0,
            "min": 1.0,
            "max": 1.0,
            "count": 10
        },
        "ShipAgent.IsTraining.sum": {
            "value": 1.0,
            "min": 1.0,
            "max": 1.0,
            "count": 10
        }
    },
    "metadata": {
        "timer_format_version": "0.1.0",
        "start_time_seconds": "1710403148",
        "python_version": "3.7.16 (default, Jan 17 2023, 16:06:28) [MSC v.1916 64 bit (AMD64)]",
        "command_line_arguments": "C:\\Users\\amit\\anaconda3\\envs\\ml-agents\\Scripts\\mlagents-learn --run-id=shipdriving8",
        "mlagents_version": "0.29.0",
        "mlagents_envs_version": "0.29.0",
        "communication_protocol_version": "1.5.0",
        "pytorch_version": "1.13.1+cpu",
        "numpy_version": "1.21.2",
        "end_time_seconds": "1710416170"
    },
    "total": 13022.8399329,
    "count": 1,
    "self": 0.009107100000619539,
    "children": {
        "run_training.setup": {
            "total": 0.05228850000000018,
            "count": 1,
            "self": 0.05228850000000018
        },
        "TrainerController.start_learning": {
            "total": 13022.7785373,
            "count": 1,
            "self": 11.941452100336392,
            "children": {
                "TrainerController._reset_env": {
                    "total": 20.322517400000002,
                    "count": 1,
                    "self": 20.322517400000002
                },
                "TrainerController.advance": {
                    "total": 12990.486511599664,
                    "count": 553670,
                    "self": 12.021780600085549,
                    "children": {
                        "env_step": {
                            "total": 12645.95563439986,
                            "count": 553670,
                            "self": 11851.480229700242,
                            "children": {
                                "SubprocessEnvManager._take_step": {
                                    "total": 786.4040367000741,
                                    "count": 553670,
                                    "self": 29.093945100806877,
                                    "children": {
                                        "TorchPolicy.evaluate": {
                                            "total": 757.3100915992673,
                                            "count": 500001,
                                            "self": 192.68242399898259,
                                            "children": {
                                                "TorchPolicy.sample_actions": {
                                                    "total": 564.6276676002847,
                                                    "count": 500001,
                                                    "self": 564.6276676002847
                                                }
                                            }
                                        }
                                    }
                                },
                                "workers": {
                                    "total": 8.071367999543515,
                                    "count": 553670,
                                    "self": 0.0,
                                    "children": {
                                        "worker_root": {
                                            "total": 12983.549626099293,
                                            "count": 553670,
                                            "is_parallel": true,